{"cameraMode":{"drawMode":0,"name":"Shaded","section":"Shading Mode"},"sceneLighting":true,"audioPlay":false,"sceneViewState":{"showFog":false,"showMaterialUpdate":false,"showSkybox":true,"showFlares":true,"showImageEffects":true,"showParticleSystems":true},"in2DMode":false,"pivot":{"x":32.56220245361328,"y":9.824142456054688,"z":33.8239860534668},"rotation":{"x":-0.12264471501111984,"y":0.7798036932945252,"z":-0.1616351306438446,"w":-0.5922803282737732},"size":0.8638412952423096,"orthographic":false}